"sample_ref","source_type","source_name","source_url","anonymized_label","current_company","current_job_title","matched_job_family","current_country","current_city","education","major","graduation_status","total_experience_years","related_experience_years","career_history","tech_stack","domain_experience","certifications","languages","github_present","portfolio_present","project_experience_notes","raw_notes","public_safe"
"EMP-JOBUSATLASBE001-01","dummy_seed","careerlens_generated","","Atlas Cloud Backend employee sample 1","Atlas Cloud","Cloud Backend Engineer","Backend","United States","Seattle WA","Bachelor","Computer Science","Graduated","5","4","Junior Engineer 3 years|Atlas Cloud Backend Engineer 2 years","MySQL|REST API|Docker|AWS|Redis|CI/CD","cloud platform APIs","Not specified","English","true","false","Dummy anonymized sample with experience in cloud platform APIs, cloud service backend, and production collaboration.","Generated dummy employee sample. No real person or external profile.","true"
"EMP-JOBUSATLASBE001-02","dummy_seed","careerlens_generated","","Atlas Cloud Backend employee sample 2","Atlas Cloud","Software Development Engineer","Backend","United States","Seattle WA","Bachelor","Computer Science","Graduated","6","5","Junior Engineer 4 years|Atlas Cloud Backend Engineer 2 years","REST API|Docker|AWS|System Design|CI/CD|Observability","cloud platform APIs","AWS Certified Developer","English","true","true","Dummy anonymized sample with experience in cloud platform APIs, distributed data service, and production collaboration.","Generated dummy employee sample. No real person or external profile.","true"
"EMP-JOBUSATLASBE001-03","dummy_seed","careerlens_generated","","Atlas Cloud Backend employee sample 3","Atlas Cloud","Backend Software Engineer","Backend","United States","Seattle WA","Bachelor","Computer Science","Graduated","7","6","Junior Engineer 5 years|Atlas Cloud Backend Engineer 2 years","Docker|AWS|System Design|Distributed Systems|Observability|Terraform","cloud platform APIs","Not specified","English","true","false","Dummy anonymized sample with experience in cloud platform APIs, high traffic API, and production collaboration.","Generated dummy employee sample. No real person or external profile.","true"
"EMP-JOBUSATLASBE001-04","dummy_seed","careerlens_generated","","Atlas Cloud Backend employee sample 4","Atlas Cloud","Platform Backend Engineer","Backend","United States","Seattle WA","Bachelor","Computer Science","Graduated","8","7","Junior Engineer 6 years|Atlas Cloud Backend Engineer 2 years","AWS|System Design|Distributed Systems|Java|Terraform|GraphQL","cloud platform APIs","AWS Certified Developer","English","true","true","Dummy anonymized sample with experience in cloud platform APIs, event processing pipeline, and production collaboration.","Generated dummy employee sample. No real person or external profile.","true"
"EMP-JOBUSATLASBE001-05","dummy_seed","careerlens_generated","","Atlas Cloud Backend employee sample 5","Atlas Cloud","Cloud Backend Engineer","Backend","United States","Seattle WA","Bachelor","Computer Science","Graduated","9","8","Junior Engineer 7 years|Atlas Cloud Backend Engineer 2 years","System Design|Distributed Systems|Java|Spring Boot|GraphQL|Security","cloud platform APIs","Not specified","English","false","false","Dummy anonymized sample with experience in cloud platform APIs, cloud service backend, and production collaboration.","Generated dummy employee sample. No real person or external profile.","true"
"EMP-JOBUSPACIFICBE001-01","dummy_seed","careerlens_generated","","Pacific Ads Backend employee sample 1","Pacific Ads","Software Development Engineer","Backend","United States","Austin TX","Bachelor","Computer Science","Graduated","4","3","Junior Engineer 2 years|Pacific Ads Backend Engineer 2 years","REST API|Docker|AWS|System Design|CI/CD|Observability","ad event ingestion","Not specified","English","true","false","Dummy anonymized sample with experience in ad event ingestion, distributed data service, and production collaboration.","Generated dummy employee sample. No real person or external profile.","true"
"EMP-JOBUSPACIFICBE001-02","dummy_seed","careerlens_generated","","Pacific Ads Backend employee sample 2","Pacific Ads","Backend Software Engineer","Backend","United States","Austin TX","Bachelor","Computer Science","Graduated","5","4","Junior Engineer 3 years|Pacific Ads Backend Engineer 2 years","Docker|AWS|System Design|Distributed Systems|Observability|Terraform","ad event ingestion","AWS Certified Developer","English","true","true","Dummy anonymized sample with experience in ad event ingestion, high traffic API, and production collaboration.","Generated dummy employee sample. No real person or external profile.","true"
"EMP-JOBUSPACIFICBE001-03","dummy_seed","careerlens_generated","","Pacific Ads Backend employee sample 3","Pacific Ads","Platform Backend Engineer","Backend","United States","Austin TX","Bachelor","Computer Science","Graduated","6","5","Junior Engineer 4 years|Pacific Ads Backend Engineer 2 years","AWS|System Design|Distributed Systems|Java|Terraform|GraphQL","ad event ingestion","Not specified","English","true","false","Dummy anonymized sample with experience in ad event ingestion, event processing pipeline, and production collaboration.","Generated dummy employee sample. No real person or external profile.","true"
"EMP-JOBUSPACIFICBE001-04","dummy_seed","careerlens_generated","","Pacific Ads Backend employee sample 4","Pacific Ads","Cloud Backend Engineer","Backend","United States","Austin TX","Bachelor","Computer Science","Graduated","7","6","Junior Engineer 5 years|Pacific Ads Backend Engineer 2 years","System Design|Distributed Systems|Java|Spring Boot|GraphQL|Security","ad event ingestion","AWS Certified Developer","English","true","true","Dummy anonymized sample with experience in ad event ingestion, cloud service backend, and production collaboration.","Generated dummy employee sample. No real person or external profile.","true"
"EMP-JOBUSPACIFICBE001-05","dummy_seed","careerlens_generated","","Pacific Ads Backend employee sample 5","Pacific Ads","Software Development Engineer","Backend","United States","Austin TX","Bachelor","Computer Science","Graduated","8","7","Junior Engineer 6 years|Pacific Ads Backend Engineer 2 years","Distributed Systems|Java|Spring Boot|MySQL|Security|Kubernetes","ad event ingestion","Not specified","English","false","false","Dummy anonymized sample with experience in ad event ingestion, distributed data service, and production collaboration.","Generated dummy employee sample. No real person or external profile.","true"
"EMP-JOBUSREDWOODBE001-01","dummy_seed","careerlens_generated","","Redwood FinTech Backend employee sample 1","Redwood FinTech","Backend Software Engineer","Backend","United States","New York NY","Bachelor","Computer Science","Graduated","6","5","Junior Engineer 4 years|Redwood FinTech Backend Engineer 2 years","Docker|AWS|System Design|Distributed Systems|Observability|Terraform","payment service reliability","Not specified","English","true","false","Dummy anonymized sample with experience in payment service reliability, high traffic API, and production collaboration.","Generated dummy employee sample. No real person or external profile.","true"
"EMP-JOBUSREDWOODBE001-02","dummy_seed","careerlens_generated","","Redwood FinTech Backend employee sample 2","Redwood FinTech","Platform Backend Engineer","Backend","United States","New York NY","Bachelor","Computer Science","Graduated","7","6","Junior Engineer 5 years|Redwood FinTech Backend Engineer 2 years","AWS|System Design|Distributed Systems|Java|Terraform|GraphQL","payment service reliability","AWS Certified Developer","English","true","true","Dummy anonymized sample with experience in payment service reliability, event processing pipeline, and production collaboration.","Generated dummy employee sample. No real person or external profile.","true"
"EMP-JOBUSREDWOODBE001-03","dummy_seed","careerlens_generated","","Redwood FinTech Backend employee sample 3","Redwood FinTech","Cloud Backend Engineer","Backend","United States","New York NY","Bachelor","Computer Science","Graduated","8","7","Junior Engineer 6 years|Redwood FinTech Backend Engineer 2 years","System Design|Distributed Systems|Java|Spring Boot|GraphQL|Security","payment service reliability","Not specified","English","true","false","Dummy anonymized sample with experience in payment service reliability, cloud service backend, and production collaboration.","Generated dummy employee sample. No real person or external profile.","true"
"EMP-JOBUSREDWOODBE001-04","dummy_seed","careerlens_generated","","Redwood FinTech Backend employee sample 4","Redwood FinTech","Software Development Engineer","Backend","United States","New York NY","Bachelor","Computer Science","Graduated","9","8","Junior Engineer 7 years|Redwood FinTech Backend Engineer 2 years","Distributed Systems|Java|Spring Boot|MySQL|Security|Kubernetes","payment service reliability","AWS Certified Developer","English","true","true","Dummy anonymized sample with experience in payment service reliability, distributed data service, and production collaboration.","Generated dummy employee sample. No real person or external profile.","true"
"EMP-JOBUSREDWOODBE001-05","dummy_seed","careerlens_generated","","Redwood FinTech Backend employee sample 5","Redwood FinTech","Backend Software Engineer","Backend","United States","New York NY","Bachelor","Computer Science","Graduated","10","9","Junior Engineer 8 years|Redwood FinTech Backend Engineer 2 years","Java|Spring Boot|MySQL|REST API|Kubernetes|Kafka","payment service reliability","Not specified","English","false","false","Dummy anonymized sample with experience in payment service reliability, high traffic API, and production collaboration.","Generated dummy employee sample. No real person or external profile.","true"
"EMP-JOBUSNORTHSTARBE001-01","dummy_seed","careerlens_generated","","Northstar Security Backend employee sample 1","Northstar Security","Platform Backend Engineer","Backend","United States","Boston MA","Bachelor","Computer Science","Graduated","3","2","Junior Engineer 1 years|Northstar Security Backend Engineer 2 years","AWS|System Design|Distributed Systems|Java|Terraform|GraphQL","security automation backend","Not specified","English","true","false","Dummy anonymized sample with experience in security automation backend, event processing pipeline, and production collaboration.","Generated dummy employee sample. No real person or external profile.","true"
"EMP-JOBUSNORTHSTARBE001-02","dummy_seed","careerlens_generated","","Northstar Security Backend employee sample 2","Northstar Security","Cloud Backend Engineer","Backend","United States","Boston MA","Bachelor","Computer Science","Graduated","4","3","Junior Engineer 2 years|Northstar Security Backend Engineer 2 years","System Design|Distributed Systems|Java|Spring Boot|GraphQL|Security","security automation backend","AWS Certified Developer","English","true","true","Dummy anonymized sample with experience in security automation backend, cloud service backend, and production collaboration.","Generated dummy employee sample. No real person or external profile.","true"
"EMP-JOBUSNORTHSTARBE001-03","dummy_seed","careerlens_generated","","Northstar Security Backend employee sample 3","Northstar Security","Software Development Engineer","Backend","United States","Boston MA","Bachelor","Computer Science","Graduated","5","4","Junior Engineer 3 years|Northstar Security Backend Engineer 2 years","Distributed Systems|Java|Spring Boot|MySQL|Security|Kubernetes","security automation backend","Not specified","English","true","false","Dummy anonymized sample with experience in security automation backend, distributed data service, and production collaboration.","Generated dummy employee sample. No real person or external profile.","true"
"EMP-JOBUSNORTHSTARBE001-04","dummy_seed","careerlens_generated","","Northstar Security Backend employee sample 4","Northstar Security","Backend Software Engineer","Backend","United States","Boston MA","Bachelor","Computer Science","Graduated","6","5","Junior Engineer 4 years|Northstar Security Backend Engineer 2 years","Java|Spring Boot|MySQL|REST API|Kubernetes|Kafka","security automation backend","AWS Certified Developer","English","true","true","Dummy anonymized sample with experience in security automation backend, high traffic API, and production collaboration.","Generated dummy employee sample. No real person or external profile.","true"
"EMP-JOBUSNORTHSTARBE001-05","dummy_seed","careerlens_generated","","Northstar Security Backend employee sample 5","Northstar Security","Platform Backend Engineer","Backend","United States","Boston MA","Bachelor","Computer Science","Graduated","7","6","Junior Engineer 5 years|Northstar Security Backend Engineer 2 years","Spring Boot|MySQL|REST API|Docker|Kafka|Redis","security automation backend","Not specified","English","false","false","Dummy anonymized sample with experience in security automation backend, event processing pipeline, and production collaboration.","Generated dummy employee sample. No real person or external profile.","true"
"EMP-JOBUSSUMMITBE001-01","dummy_seed","careerlens_generated","","Summit Health AI Backend employee sample 1","Summit Health AI","Cloud Backend Engineer","Backend","United States","San Francisco CA","Bachelor","Computer Science","Graduated","6","5","Junior Engineer 4 years|Summit Health AI Backend Engineer 2 years","System Design|Distributed Systems|Java|Spring Boot|GraphQL|Security","health data API","Not specified","English","true","false","Dummy anonymized sample with experience in health data API, cloud service backend, and production collaboration.","Generated dummy employee sample. No real person or external profile.","true"
"EMP-JOBUSSUMMITBE001-02","dummy_seed","careerlens_generated","","Summit Health AI Backend employee sample 2","Summit Health AI","Software Development Engineer","Backend","United States","San Francisco CA","Bachelor","Computer Science","Graduated","7","6","Junior Engineer 5 years|Summit Health AI Backend Engineer 2 years","Distributed Systems|Java|Spring Boot|MySQL|Security|Kubernetes","health data API","AWS Certified Developer","English","true","true","Dummy anonymized sample with experience in health data API, distributed data service, and production collaboration.","Generated dummy employee sample. No real person or external profile.","true"
"EMP-JOBUSSUMMITBE001-03","dummy_seed","careerlens_generated","","Summit Health AI Backend employee sample 3","Summit Health AI","Backend Software Engineer","Backend","United States","San Francisco CA","Bachelor","Computer Science","Graduated","8","7","Junior Engineer 6 years|Summit Health AI Backend Engineer 2 years","Java|Spring Boot|MySQL|REST API|Kubernetes|Kafka","health data API","Not specified","English","true","false","Dummy anonymized sample with experience in health data API, high traffic API, and production collaboration.","Generated dummy employee sample. No real person or external profile.","true"
"EMP-JOBUSSUMMITBE001-04","dummy_seed","careerlens_generated","","Summit Health AI Backend employee sample 4","Summit Health AI","Platform Backend Engineer","Backend","United States","San Francisco CA","Bachelor","Computer Science","Graduated","9","8","Junior Engineer 7 years|Summit Health AI Backend Engineer 2 years","Spring Boot|MySQL|REST API|Docker|Kafka|Redis","health data API","AWS Certified Developer","English","true","true","Dummy anonymized sample with experience in health data API, event processing pipeline, and production collaboration.","Generated dummy employee sample. No real person or external profile.","true"
"EMP-JOBUSSUMMITBE001-05","dummy_seed","careerlens_generated","","Summit Health AI Backend employee sample 5","Summit Health AI","Cloud Backend Engineer","Backend","United States","San Francisco CA","Bachelor","Computer Science","Graduated","10","9","Junior Engineer 8 years|Summit Health AI Backend Engineer 2 years","MySQL|REST API|Docker|AWS|Redis|CI/CD","health data API","Not specified","English","false","false","Dummy anonymized sample with experience in health data API, cloud service backend, and production collaboration.","Generated dummy employee sample. No real person or external profile.","true"
"EMP-JOBUSBLUEHARBORBE001-01","dummy_seed","careerlens_generated","","BlueHarbor Games Backend employee sample 1","BlueHarbor Games","Software Development Engineer","Backend","United States","Los Angeles CA","Bachelor","Computer Science","Graduated","4","3","Junior Engineer 2 years|BlueHarbor Games Backend Engineer 2 years","Distributed Systems|Java|Spring Boot|MySQL|Security|Kubernetes","game live service backend","Not specified","English","true","false","Dummy anonymized sample with experience in game live service backend, distributed data service, and production collaboration.","Generated dummy employee sample. No real person or external profile.","true"
"EMP-JOBUSBLUEHARBORBE001-02","dummy_seed","careerlens_generated","","BlueHarbor Games Backend employee sample 2","BlueHarbor Games","Backend Software Engineer","Backend","United States","Los Angeles CA","Bachelor","Computer Science","Graduated","5","4","Junior Engineer 3 years|BlueHarbor Games Backend Engineer 2 years","Java|Spring Boot|MySQL|REST API|Kubernetes|Kafka","game live service backend","AWS Certified Developer","English","true","true","Dummy anonymized sample with experience in game live service backend, high traffic API, and production collaboration.","Generated dummy employee sample. No real person or external profile.","true"
"EMP-JOBUSBLUEHARBORBE001-03","dummy_seed","careerlens_generated","","BlueHarbor Games Backend employee sample 3","BlueHarbor Games","Platform Backend Engineer","Backend","United States","Los Angeles CA","Bachelor","Computer Science","Graduated","6","5","Junior Engineer 4 years|BlueHarbor Games Backend Engineer 2 years","Spring Boot|MySQL|REST API|Docker|Kafka|Redis","game live service backend","Not specified","English","true","false","Dummy anonymized sample with experience in game live service backend, event processing pipeline, and production collaboration.","Generated dummy employee sample. No real person or external profile.","true"
"EMP-JOBUSBLUEHARBORBE001-04","dummy_seed","careerlens_generated","","BlueHarbor Games Backend employee sample 4","BlueHarbor Games","Cloud Backend Engineer","Backend","United States","Los Angeles CA","Bachelor","Computer Science","Graduated","7","6","Junior Engineer 5 years|BlueHarbor Games Backend Engineer 2 years","MySQL|REST API|Docker|AWS|Redis|CI/CD","game live service backend","AWS Certified Developer","English","true","true","Dummy anonymized sample with experience in game live service backend, cloud service backend, and production collaboration.","Generated dummy employee sample. No real person or external profile.","true"
"EMP-JOBUSBLUEHARBORBE001-05","dummy_seed","careerlens_generated","","BlueHarbor Games Backend employee sample 5","BlueHarbor Games","Software Development Engineer","Backend","United States","Los Angeles CA","Bachelor","Computer Science","Graduated","8","7","Junior Engineer 6 years|BlueHarbor Games Backend Engineer 2 years","REST API|Docker|AWS|System Design|CI/CD|Observability","game live service backend","Not specified","English","false","false","Dummy anonymized sample with experience in game live service backend, distributed data service, and production collaboration.","Generated dummy employee sample. No real person or external profile.","true"
"EMP-JOBUSBRIGHTFE001-01","dummy_seed","careerlens_generated","","BrightMarket Frontend employee sample 1","BrightMarket","Frontend Software Engineer","Frontend","United States","Chicago IL","Bachelor","Computer Science","Graduated","4","3","Junior Engineer 2 years|BrightMarket Frontend Engineer 2 years","TypeScript|React|Next.js|CSS|GraphQL|Storybook","seller analytics dashboard","Not specified","English","true","true","Dummy anonymized sample with experience in seller analytics dashboard, dashboard UI, and production collaboration.","Generated dummy employee sample. No real person or external profile.","true"
"EMP-JOBUSBRIGHTFE001-02","dummy_seed","careerlens_generated","","BrightMarket Frontend employee sample 2","BrightMarket","Product Frontend Engineer","Frontend","United States","Chicago IL","Bachelor","Computer Science","Graduated","5","4","Junior Engineer 3 years|BrightMarket Frontend Engineer 2 years","React|Next.js|CSS|REST API|Storybook|Tailwind","seller analytics dashboard","AWS Certified Developer","English","true","true","Dummy anonymized sample with experience in seller analytics dashboard, customer workflow, and production collaboration.","Generated dummy employee sample. No real person or external profile.","true"
"EMP-JOBUSBRIGHTFE001-03","dummy_seed","careerlens_generated","","BrightMarket Frontend employee sample 3","BrightMarket","Web Application Engineer","Frontend","United States","Chicago IL","Bachelor","Computer Science","Graduated","6","5","Junior Engineer 4 years|BrightMarket Frontend Engineer 2 years","Next.js|CSS|REST API|Design System|Tailwind|Performance","seller analytics dashboard","Not specified","English","true","true","Dummy anonymized sample with experience in seller analytics dashboard, design system, and production collaboration.","Generated dummy employee sample. No real person or external profile.","true"
"EMP-JOBUSBRIGHTFE001-04","dummy_seed","careerlens_generated","","BrightMarket Frontend employee sample 4","BrightMarket","UI Platform Engineer","Frontend","United States","Chicago IL","Bachelor","Computer Science","Graduated","7","6","Junior Engineer 5 years|BrightMarket Frontend Engineer 2 years","CSS|REST API|Design System|Testing|Performance|Figma","seller analytics dashboard","AWS Certified Developer","English","true","true","Dummy anonymized sample with experience in seller analytics dashboard, internationalized web app, and production collaboration.","Generated dummy employee sample. No real person or external profile.","true"
"EMP-JOBUSBRIGHTFE001-05","dummy_seed","careerlens_generated","","BrightMarket Frontend employee sample 5","BrightMarket","Frontend Software Engineer","Frontend","United States","Chicago IL","Bachelor","Computer Science","Graduated","8","7","Junior Engineer 6 years|BrightMarket Frontend Engineer 2 years","REST API|Design System|Testing|Accessibility|Figma|Playwright","seller analytics dashboard","Not specified","English","false","true","Dummy anonymized sample with experience in seller analytics dashboard, dashboard UI, and production collaboration.","Generated dummy employee sample. No real person or external profile.","true"
"EMP-JOBUSNOVAFE001-01","dummy_seed","careerlens_generated","","Nova Commerce Frontend employee sample 1","Nova Commerce","Product Frontend Engineer","Frontend","United States","San Jose CA","Bachelor","Computer Science","Graduated","4","3","Junior Engineer 2 years|Nova Commerce Frontend Engineer 2 years","React|Next.js|CSS|REST API|Storybook|Tailwind","checkout web experience","Not specified","English","true","true","Dummy anonymized sample with experience in checkout web experience, customer workflow, and production collaboration.","Generated dummy employee sample. No real person or external profile.","true"
"EMP-JOBUSNOVAFE001-02","dummy_seed","careerlens_generated","","Nova Commerce Frontend employee sample 2","Nova Commerce","Web Application Engineer","Frontend","United States","San Jose CA","Bachelor","Computer Science","Graduated","5","4","Junior Engineer 3 years|Nova Commerce Frontend Engineer 2 years","Next.js|CSS|REST API|Design System|Tailwind|Performance","checkout web experience","AWS Certified Developer","English","true","true","Dummy anonymized sample with experience in checkout web experience, design system, and production collaboration.","Generated dummy employee sample. No real person or external profile.","true"
"EMP-JOBUSNOVAFE001-03","dummy_seed","careerlens_generated","","Nova Commerce Frontend employee sample 3","Nova Commerce","UI Platform Engineer","Frontend","United States","San Jose CA","Bachelor","Computer Science","Graduated","6","5","Junior Engineer 4 years|Nova Commerce Frontend Engineer 2 years","CSS|REST API|Design System|Testing|Performance|Figma","checkout web experience","Not specified","English","true","true","Dummy anonymized sample with experience in checkout web experience, internationalized web app, and production collaboration.","Generated dummy employee sample. No real person or external profile.","true"
"EMP-JOBUSNOVAFE001-04","dummy_seed","careerlens_generated","","Nova Commerce Frontend employee sample 4","Nova Commerce","Frontend Software Engineer","Frontend","United States","San Jose CA","Bachelor","Computer Science","Graduated","7","6","Junior Engineer 5 years|Nova Commerce Frontend Engineer 2 years","REST API|Design System|Testing|Accessibility|Figma|Playwright","checkout web experience","AWS Certified Developer","English","true","true","Dummy anonymized sample with experience in checkout web experience, dashboard UI, and production collaboration.","Generated dummy employee sample. No real person or external profile.","true"
"EMP-JOBUSNOVAFE001-05","dummy_seed","careerlens_generated","","Nova Commerce Frontend employee sample 5","Nova Commerce","Product Frontend Engineer","Frontend","United States","San Jose CA","Bachelor","Computer Science","Graduated","8","7","Junior Engineer 6 years|Nova Commerce Frontend Engineer 2 years","Design System|Testing|Accessibility|TypeScript|Playwright|i18n","checkout web experience","Not specified","English","false","true","Dummy anonymized sample with experience in checkout web experience, customer workflow, and production collaboration.","Generated dummy employee sample. No real person or external profile.","true"
"EMP-JOBUSSKYLINEFE001-01","dummy_seed","careerlens_generated","","Skyline Travel Frontend employee sample 1","Skyline Travel","Web Application Engineer","Frontend","United States","Denver CO","Bachelor","Computer Science","Graduated","4","3","Junior Engineer 2 years|Skyline Travel Frontend Engineer 2 years","Next.js|CSS|REST API|Design System|Tailwind|Performance","travel booking interface","Not specified","English","true","true","Dummy anonymized sample with experience in travel booking interface, design system, and production collaboration.","Generated dummy employee sample. No real person or external profile.","true"
"EMP-JOBUSSKYLINEFE001-02","dummy_seed","careerlens_generated","","Skyline Travel Frontend employee sample 2","Skyline Travel","UI Platform Engineer","Frontend","United States","Denver CO","Bachelor","Computer Science","Graduated","5","4","Junior Engineer 3 years|Skyline Travel Frontend Engineer 2 years","CSS|REST API|Design System|Testing|Performance|Figma","travel booking interface","AWS Certified Developer","English","true","true","Dummy anonymized sample with experience in travel booking interface, internationalized web app, and production collaboration.","Generated dummy employee sample. No real person or external profile.","true"
"EMP-JOBUSSKYLINEFE001-03","dummy_seed","careerlens_generated","","Skyline Travel Frontend employee sample 3","Skyline Travel","Frontend Software Engineer","Frontend","United States","Denver CO","Bachelor","Computer Science","Graduated","6","5","Junior Engineer 4 years|Skyline Travel Frontend Engineer 2 years","REST API|Design System|Testing|Accessibility|Figma|Playwright","travel booking interface","Not specified","English","true","true","Dummy anonymized sample with experience in travel booking interface, dashboard UI, and production collaboration.","Generated dummy employee sample. No real person or external profile.","true"
"EMP-JOBUSSKYLINEFE001-04","dummy_seed","careerlens_generated","","Skyline Travel Frontend employee sample 4","Skyline Travel","Product Frontend Engineer","Frontend","United States","Denver CO","Bachelor","Computer Science","Graduated","7","6","Junior Engineer 5 years|Skyline Travel Frontend Engineer 2 years","Design System|Testing|Accessibility|TypeScript|Playwright|i18n","travel booking interface","AWS Certified Developer","English","true","true","Dummy anonymized sample with experience in travel booking interface, customer workflow, and production collaboration.","Generated dummy employee sample. No real person or external profile.","true"
"EMP-JOBUSSKYLINEFE001-05","dummy_seed","careerlens_generated","","Skyline Travel Frontend employee sample 5","Skyline Travel","Web Application Engineer","Frontend","United States","Denver CO","Bachelor","Computer Science","Graduated","8","7","Junior Engineer 6 years|Skyline Travel Frontend Engineer 2 years","Testing|Accessibility|TypeScript|React|i18n|State Management","travel booking interface","Not specified","English","false","true","Dummy anonymized sample with experience in travel booking interface, design system, and production collaboration.","Generated dummy employee sample. No real person or external profile.","true"
"EMP-JOBUSORBITFE001-01","dummy_seed","careerlens_generated","","Orbit Media Frontend employee sample 1","Orbit Media","UI Platform Engineer","Frontend","United States","New York NY","Bachelor","Computer Science","Graduated","5","4","Junior Engineer 3 years|Orbit Media Frontend Engineer 2 years","CSS|REST API|Design System|Testing|Performance|Figma","creator workflow UI","Not specified","English","true","true","Dummy anonymized sample with experience in creator workflow UI, internationalized web app, and production collaboration.","Generated dummy employee sample. No real person or external profile.","true"
"EMP-JOBUSORBITFE001-02","dummy_seed","careerlens_generated","","Orbit Media Frontend employee sample 2","Orbit Media","Frontend Software Engineer","Frontend","United States","New York NY","Bachelor","Computer Science","Graduated","6","5","Junior Engineer 4 years|Orbit Media Frontend Engineer 2 years","REST API|Design System|Testing|Accessibility|Figma|Playwright","creator workflow UI","AWS Certified Developer","English","true","true","Dummy anonymized sample with experience in creator workflow UI, dashboard UI, and production collaboration.","Generated dummy employee sample. No real person or external profile.","true"
"EMP-JOBUSORBITFE001-03","dummy_seed","careerlens_generated","","Orbit Media Frontend employee sample 3","Orbit Media","Product Frontend Engineer","Frontend","United States","New York NY","Bachelor","Computer Science","Graduated","7","6","Junior Engineer 5 years|Orbit Media Frontend Engineer 2 years","Design System|Testing|Accessibility|TypeScript|Playwright|i18n","creator workflow UI","Not specified","English","true","true","Dummy anonymized sample with experience in creator workflow UI, customer workflow, and production collaboration.","Generated dummy employee sample. No real person or external profile.","true"
"EMP-JOBUSORBITFE001-04","dummy_seed","careerlens_generated","","Orbit Media Frontend employee sample 4","Orbit Media","Web Application Engineer","Frontend","United States","New York NY","Bachelor","Computer Science","Graduated","8","7","Junior Engineer 6 years|Orbit Media Frontend Engineer 2 years","Testing|Accessibility|TypeScript|React|i18n|State Management","creator workflow UI","AWS Certified Developer","English","true","true","Dummy anonymized sample with experience in creator workflow UI, design system, and production collaboration.","Generated dummy employee sample. No real person or external profile.","true"
"EMP-JOBUSORBITFE001-05","dummy_seed","careerlens_generated","","Orbit Media Frontend employee sample 5","Orbit Media","UI Platform Engineer","Frontend","United States","New York NY","Bachelor","Computer Science","Graduated","9","8","Junior Engineer 7 years|Orbit Media Frontend Engineer 2 years","Accessibility|TypeScript|React|Next.js|State Management|GraphQL","creator workflow UI","Not specified","English","false","true","Dummy anonymized sample with experience in creator workflow UI, internationalized web app, and production collaboration.","Generated dummy employee sample. No real person or external profile.","true"
"EMP-JOBUSMEADOWFE001-01","dummy_seed","careerlens_generated","","Meadow HR Frontend employee sample 1","Meadow HR","Frontend Software Engineer","Frontend","United States","Portland OR","Bachelor","Computer Science","Graduated","4","3","Junior Engineer 2 years|Meadow HR Frontend Engineer 2 years","REST API|Design System|Testing|Accessibility|Figma|Playwright","HR workflow dashboard","Not specified","English","true","true","Dummy anonymized sample with experience in HR workflow dashboard, dashboard UI, and production collaboration.","Generated dummy employee sample. No real person or external profile.","true"
"EMP-JOBUSMEADOWFE001-02","dummy_seed","careerlens_generated","","Meadow HR Frontend employee sample 2","Meadow HR","Product Frontend Engineer","Frontend","United States","Portland OR","Bachelor","Computer Science","Graduated","5","4","Junior Engineer 3 years|Meadow HR Frontend Engineer 2 years","Design System|Testing|Accessibility|TypeScript|Playwright|i18n","HR workflow dashboard","AWS Certified Developer","English","true","true","Dummy anonymized sample with experience in HR workflow dashboard, customer workflow, and production collaboration.","Generated dummy employee sample. No real person or external profile.","true"
"EMP-JOBUSMEADOWFE001-03","dummy_seed","careerlens_generated","","Meadow HR Frontend employee sample 3","Meadow HR","Web Application Engineer","Frontend","United States","Portland OR","Bachelor","Computer Science","Graduated","6","5","Junior Engineer 4 years|Meadow HR Frontend Engineer 2 years","Testing|Accessibility|TypeScript|React|i18n|State Management","HR workflow dashboard","Not specified","English","true","true","Dummy anonymized sample with experience in HR workflow dashboard, design system, and production collaboration.","Generated dummy employee sample. No real person or external profile.","true"
"EMP-JOBUSMEADOWFE001-04","dummy_seed","careerlens_generated","","Meadow HR Frontend employee sample 4","Meadow HR","UI Platform Engineer","Frontend","United States","Portland OR","Bachelor","Computer Science","Graduated","7","6","Junior Engineer 5 years|Meadow HR Frontend Engineer 2 years","Accessibility|TypeScript|React|Next.js|State Management|GraphQL","HR workflow dashboard","AWS Certified Developer","English","true","true","Dummy anonymized sample with experience in HR workflow dashboard, internationalized web app, and production collaboration.","Generated dummy employee sample. No real person or external profile.","true"
"EMP-JOBUSMEADOWFE001-05","dummy_seed","careerlens_generated","","Meadow HR Frontend employee sample 5","Meadow HR","Frontend Software Engineer","Frontend","United States","Portland OR","Bachelor","Computer Science","Graduated","8","7","Junior Engineer 6 years|Meadow HR Frontend Engineer 2 years","TypeScript|React|Next.js|CSS|GraphQL|Storybook","HR workflow dashboard","Not specified","English","false","true","Dummy anonymized sample with experience in HR workflow dashboard, dashboard UI, and production collaboration.","Generated dummy employee sample. No real person or external profile.","true"
"EMP-JOBUSVECTORFE001-01","dummy_seed","careerlens_generated","","Vector Design Systems Frontend employee sample 1","Vector Design Systems","Product Frontend Engineer","Frontend","United States","Raleigh NC","Bachelor","Computer Science","Graduated","4","3","Junior Engineer 2 years|Vector Design Systems Frontend Engineer 2 years","Design System|Testing|Accessibility|TypeScript|Playwright|i18n","component library platform","Not specified","English","true","true","Dummy anonymized sample with experience in component library platform, customer workflow, and production collaboration.","Generated dummy employee sample. No real person or external profile.","true"
"EMP-JOBUSVECTORFE001-02","dummy_seed","careerlens_generated","","Vector Design Systems Frontend employee sample 2","Vector Design Systems","Web Application Engineer","Frontend","United States","Raleigh NC","Bachelor","Computer Science","Graduated","5","4","Junior Engineer 3 years|Vector Design Systems Frontend Engineer 2 years","Testing|Accessibility|TypeScript|React|i18n|State Management","component library platform","AWS Certified Developer","English","true","true","Dummy anonymized sample with experience in component library platform, design system, and production collaboration.","Generated dummy employee sample. No real person or external profile.","true"
"EMP-JOBUSVECTORFE001-03","dummy_seed","careerlens_generated","","Vector Design Systems Frontend employee sample 3","Vector Design Systems","UI Platform Engineer","Frontend","United States","Raleigh NC","Bachelor","Computer Science","Graduated","6","5","Junior Engineer 4 years|Vector Design Systems Frontend Engineer 2 years","Accessibility|TypeScript|React|Next.js|State Management|GraphQL","component library platform","Not specified","English","true","true","Dummy anonymized sample with experience in component library platform, internationalized web app, and production collaboration.","Generated dummy employee sample. No real person or external profile.","true"
"EMP-JOBUSVECTORFE001-04","dummy_seed","careerlens_generated","","Vector Design Systems Frontend employee sample 4","Vector Design Systems","Frontend Software Engineer","Frontend","United States","Raleigh NC","Bachelor","Computer Science","Graduated","7","6","Junior Engineer 5 years|Vector Design Systems Frontend Engineer 2 years","TypeScript|React|Next.js|CSS|GraphQL|Storybook","component library platform","AWS Certified Developer","English","true","true","Dummy anonymized sample with experience in component library platform, dashboard UI, and production collaboration.","Generated dummy employee sample. No real person or external profile.","true"
"EMP-JOBUSVECTORFE001-05","dummy_seed","careerlens_generated","","Vector Design Systems Frontend employee sample 5","Vector Design Systems","Product Frontend Engineer","Frontend","United States","Raleigh NC","Bachelor","Computer Science","Graduated","8","7","Junior Engineer 6 years|Vector Design Systems Frontend Engineer 2 years","React|Next.js|CSS|REST API|Storybook|Tailwind","component library platform","Not specified","English","false","true","Dummy anonymized sample with experience in component library platform, customer workflow, and production collaboration.","Generated dummy employee sample. No real person or external profile.","true"
"EMP-JOBJPSAKURABE001-01","dummy_seed","careerlens_generated","","Sakura Cloud Backend employee sample 1","Sakura Cloud","Cloud Backend Engineer","Backend","Japan","Tokyo","Bachelor","Computer Science","Graduated","5","4","Junior Engineer 3 years|Sakura Cloud Backend Engineer 2 years","System Design|Distributed Systems|Java|Spring Boot|GraphQL|Security","cloud control plane API","JLPT N2","Japanese|English","true","false","Dummy anonymized sample with experience in cloud control plane API, cloud service backend, and production collaboration.","Generated dummy employee sample. No real person or external profile.","true"
"EMP-JOBJPSAKURABE001-02","dummy_seed","careerlens_generated","","Sakura Cloud Backend employee sample 2","Sakura Cloud","Software Development Engineer","Backend","Japan","Tokyo","Bachelor","Computer Science","Graduated","6","5","Junior Engineer 4 years|Sakura Cloud Backend Engineer 2 years","Distributed Systems|Java|Spring Boot|MySQL|Security|Kubernetes","cloud control plane API","JLPT N1","Japanese|English","true","true","Dummy anonymized sample with experience in cloud control plane API, distributed data service, and production collaboration.","Generated dummy employee sample. No real person or external profile.","true"
"EMP-JOBJPSAKURABE001-03","dummy_seed","careerlens_generated","","Sakura Cloud Backend employee sample 3","Sakura Cloud","Backend Software Engineer","Backend","Japan","Tokyo","Bachelor","Computer Science","Graduated","7","6","Junior Engineer 5 years|Sakura Cloud Backend Engineer 2 years","Java|Spring Boot|MySQL|REST API|Kubernetes|Kafka","cloud control plane API","JLPT N2","Japanese|English","true","false","Dummy anonymized sample with experience in cloud control plane API, high traffic API, and production collaboration.","Generated dummy employee sample. No real person or external profile.","true"
"EMP-JOBJPSAKURABE001-04","dummy_seed","careerlens_generated","","Sakura Cloud Backend employee sample 4","Sakura Cloud","Platform Backend Engineer","Backend","Japan","Tokyo","Bachelor","Computer Science","Graduated","8","7","Junior Engineer 6 years|Sakura Cloud Backend Engineer 2 years","Spring Boot|MySQL|REST API|Docker|Kafka|Redis","cloud control plane API","JLPT N1","Japanese|English","true","true","Dummy anonymized sample with experience in cloud control plane API, event processing pipeline, and production collaboration.","Generated dummy employee sample. No real person or external profile.","true"
"EMP-JOBJPSAKURABE001-05","dummy_seed","careerlens_generated","","Sakura Cloud Backend employee sample 5","Sakura Cloud","Cloud Backend Engineer","Backend","Japan","Tokyo","Bachelor","Computer Science","Graduated","9","8","Junior Engineer 7 years|Sakura Cloud Backend Engineer 2 years","MySQL|REST API|Docker|AWS|Redis|CI/CD","cloud control plane API","JLPT N2","Japanese|English","false","false","Dummy anonymized sample with experience in cloud control plane API, cloud service backend, and production collaboration.","Generated dummy employee sample. No real person or external profile.","true"
"EMP-JOBJPTOKYOMOBBE001-01","dummy_seed","careerlens_generated","","Tokyo Mobility Backend employee sample 1","Tokyo Mobility","Software Development Engineer","Backend","Japan","Tokyo","Bachelor","Computer Science","Graduated","5","4","Junior Engineer 3 years|Tokyo Mobility Backend Engineer 2 years","Distributed Systems|Java|Spring Boot|MySQL|Security|Kubernetes","mobility dispatch backend","JLPT N2","Japanese|English","true","false","Dummy anonymized sample with experience in mobility dispatch backend, distributed data service, and production collaboration.","Generated dummy employee sample. No real person or external profile.","true"
"EMP-JOBJPTOKYOMOBBE001-02","dummy_seed","careerlens_generated","","Tokyo Mobility Backend employee sample 2","Tokyo Mobility","Backend Software Engineer","Backend","Japan","Tokyo","Bachelor","Computer Science","Graduated","6","5","Junior Engineer 4 years|Tokyo Mobility Backend Engineer 2 years","Java|Spring Boot|MySQL|REST API|Kubernetes|Kafka","mobility dispatch backend","JLPT N1","Japanese|English","true","true","Dummy anonymized sample with experience in mobility dispatch backend, high traffic API, and production collaboration.","Generated dummy employee sample. No real person or external profile.","true"
"EMP-JOBJPTOKYOMOBBE001-03","dummy_seed","careerlens_generated","","Tokyo Mobility Backend employee sample 3","Tokyo Mobility","Platform Backend Engineer","Backend","Japan","Tokyo","Bachelor","Computer Science","Graduated","7","6","Junior Engineer 5 years|Tokyo Mobility Backend Engineer 2 years","Spring Boot|MySQL|REST API|Docker|Kafka|Redis","mobility dispatch backend","JLPT N2","Japanese|English","true","false","Dummy anonymized sample with experience in mobility dispatch backend, event processing pipeline, and production collaboration.","Generated dummy employee sample. No real person or external profile.","true"
"EMP-JOBJPTOKYOMOBBE001-04","dummy_seed","careerlens_generated","","Tokyo Mobility Backend employee sample 4","Tokyo Mobility","Cloud Backend Engineer","Backend","Japan","Tokyo","Bachelor","Computer Science","Graduated","8","7","Junior Engineer 6 years|Tokyo Mobility Backend Engineer 2 years","MySQL|REST API|Docker|AWS|Redis|CI/CD","mobility dispatch backend","JLPT N1","Japanese|English","true","true","Dummy anonymized sample with experience in mobility dispatch backend, cloud service backend, and production collaboration.","Generated dummy employee sample. No real person or external profile.","true"
"EMP-JOBJPTOKYOMOBBE001-05","dummy_seed","careerlens_generated","","Tokyo Mobility Backend employee sample 5","Tokyo Mobility","Software Development Engineer","Backend","Japan","Tokyo","Bachelor","Computer Science","Graduated","9","8","Junior Engineer 7 years|Tokyo Mobility Backend Engineer 2 years","REST API|Docker|AWS|System Design|CI/CD|Observability","mobility dispatch backend","JLPT N2","Japanese|English","false","false","Dummy anonymized sample with experience in mobility dispatch backend, distributed data service, and production collaboration.","Generated dummy employee sample. No real person or external profile.","true"
"EMP-JOBJPKYOTOROBBE001-01","dummy_seed","careerlens_generated","","Kyoto Robotics Backend employee sample 1","Kyoto Robotics","Backend Software Engineer","Backend","Japan","Kyoto","Bachelor","Computer Science","Graduated","5","4","Junior Engineer 3 years|Kyoto Robotics Backend Engineer 2 years","Java|Spring Boot|MySQL|REST API|Kubernetes|Kafka","robot telemetry service","JLPT N2","Japanese|English","true","false","Dummy anonymized sample with experience in robot telemetry service, high traffic API, and production collaboration.","Generated dummy employee sample. No real person or external profile.","true"
"EMP-JOBJPKYOTOROBBE001-02","dummy_seed","careerlens_generated","","Kyoto Robotics Backend employee sample 2","Kyoto Robotics","Platform Backend Engineer","Backend","Japan","Kyoto","Bachelor","Computer Science","Graduated","6","5","Junior Engineer 4 years|Kyoto Robotics Backend Engineer 2 years","Spring Boot|MySQL|REST API|Docker|Kafka|Redis","robot telemetry service","JLPT N1","Japanese|English","true","true","Dummy anonymized sample with experience in robot telemetry service, event processing pipeline, and production collaboration.","Generated dummy employee sample. No real person or external profile.","true"
"EMP-JOBJPKYOTOROBBE001-03","dummy_seed","careerlens_generated","","Kyoto Robotics Backend employee sample 3","Kyoto Robotics","Cloud Backend Engineer","Backend","Japan","Kyoto","Bachelor","Computer Science","Graduated","7","6","Junior Engineer 5 years|Kyoto Robotics Backend Engineer 2 years","MySQL|REST API|Docker|AWS|Redis|CI/CD","robot telemetry service","JLPT N2","Japanese|English","true","false","Dummy anonymized sample with experience in robot telemetry service, cloud service backend, and production collaboration.","Generated dummy employee sample. No real person or external profile.","true"
"EMP-JOBJPKYOTOROBBE001-04","dummy_seed","careerlens_generated","","Kyoto Robotics Backend employee sample 4","Kyoto Robotics","Software Development Engineer","Backend","Japan","Kyoto","Bachelor","Computer Science","Graduated","8","7","Junior Engineer 6 years|Kyoto Robotics Backend Engineer 2 years","REST API|Docker|AWS|System Design|CI/CD|Observability","robot telemetry service","JLPT N1","Japanese|English","true","true","Dummy anonymized sample with experience in robot telemetry service, distributed data service, and production collaboration.","Generated dummy employee sample. No real person or external profile.","true"
"EMP-JOBJPKYOTOROBBE001-05","dummy_seed","careerlens_generated","","Kyoto Robotics Backend employee sample 5","Kyoto Robotics","Backend Software Engineer","Backend","Japan","Kyoto","Bachelor","Computer Science","Graduated","9","8","Junior Engineer 7 years|Kyoto Robotics Backend Engineer 2 years","Docker|AWS|System Design|Distributed Systems|Observability|Terraform","robot telemetry service","JLPT N2","Japanese|English","false","false","Dummy anonymized sample with experience in robot telemetry service, high traffic API, and production collaboration.","Generated dummy employee sample. No real person or external profile.","true"
"EMP-JOBJPNIPPONFINBE001-01","dummy_seed","careerlens_generated","","Nippon Fintech Backend employee sample 1","Nippon Fintech","Platform Backend Engineer","Backend","Japan","Tokyo","Bachelor","Computer Science","Graduated","6","5","Junior Engineer 4 years|Nippon Fintech Backend Engineer 2 years","Spring Boot|MySQL|REST API|Docker|Kafka|Redis","settlement transaction API","JLPT N2","Japanese|English","true","false","Dummy anonymized sample with experience in settlement transaction API, event processing pipeline, and production collaboration.","Generated dummy employee sample. No real person or external profile.","true"
"EMP-JOBJPNIPPONFINBE001-02","dummy_seed","careerlens_generated","","Nippon Fintech Backend employee sample 2","Nippon Fintech","Cloud Backend Engineer","Backend","Japan","Tokyo","Bachelor","Computer Science","Graduated","7","6","Junior Engineer 5 years|Nippon Fintech Backend Engineer 2 years","MySQL|REST API|Docker|AWS|Redis|CI/CD","settlement transaction API","JLPT N1","Japanese|English","true","true","Dummy anonymized sample with experience in settlement transaction API, cloud service backend, and production collaboration.","Generated dummy employee sample. No real person or external profile.","true"
"EMP-JOBJPNIPPONFINBE001-03","dummy_seed","careerlens_generated","","Nippon Fintech Backend employee sample 3","Nippon Fintech","Software Development Engineer","Backend","Japan","Tokyo","Bachelor","Computer Science","Graduated","8","7","Junior Engineer 6 years|Nippon Fintech Backend Engineer 2 years","REST API|Docker|AWS|System Design|CI/CD|Observability","settlement transaction API","JLPT N2","Japanese|English","true","false","Dummy anonymized sample with experience in settlement transaction API, distributed data service, and production collaboration.","Generated dummy employee sample. No real person or external profile.","true"
"EMP-JOBJPNIPPONFINBE001-04","dummy_seed","careerlens_generated","","Nippon Fintech Backend employee sample 4","Nippon Fintech","Backend Software Engineer","Backend","Japan","Tokyo","Bachelor","Computer Science","Graduated","9","8","Junior Engineer 7 years|Nippon Fintech Backend Engineer 2 years","Docker|AWS|System Design|Distributed Systems|Observability|Terraform","settlement transaction API","JLPT N1","Japanese|English","true","true","Dummy anonymized sample with experience in settlement transaction API, high traffic API, and production collaboration.","Generated dummy employee sample. No real person or external profile.","true"
"EMP-JOBJPNIPPONFINBE001-05","dummy_seed","careerlens_generated","","Nippon Fintech Backend employee sample 5","Nippon Fintech","Platform Backend Engineer","Backend","Japan","Tokyo","Bachelor","Computer Science","Graduated","10","9","Junior Engineer 8 years|Nippon Fintech Backend Engineer 2 years","AWS|System Design|Distributed Systems|Java|Terraform|GraphQL","settlement transaction API","JLPT N2","Japanese|English","false","false","Dummy anonymized sample with experience in settlement transaction API, event processing pipeline, and production collaboration.","Generated dummy employee sample. No real person or external profile.","true"
"EMP-JOBJPOSAKARETAILBE001-01","dummy_seed","careerlens_generated","","Osaka Retail Tech Backend employee sample 1","Osaka Retail Tech","Cloud Backend Engineer","Backend","Japan","Osaka","Bachelor","Computer Science","Graduated","4","3","Junior Engineer 2 years|Osaka Retail Tech Backend Engineer 2 years","MySQL|REST API|Docker|AWS|Redis|CI/CD","retail inventory backend","JLPT N2","Japanese|English","true","false","Dummy anonymized sample with experience in retail inventory backend, cloud service backend, and production collaboration.","Generated dummy employee sample. No real person or external profile.","true"
"EMP-JOBJPOSAKARETAILBE001-02","dummy_seed","careerlens_generated","","Osaka Retail Tech Backend employee sample 2","Osaka Retail Tech","Software Development Engineer","Backend","Japan","Osaka","Bachelor","Computer Science","Graduated","5","4","Junior Engineer 3 years|Osaka Retail Tech Backend Engineer 2 years","REST API|Docker|AWS|System Design|CI/CD|Observability","retail inventory backend","JLPT N1","Japanese|English","true","true","Dummy anonymized sample with experience in retail inventory backend, distributed data service, and production collaboration.","Generated dummy employee sample. No real person or external profile.","true"
"EMP-JOBJPOSAKARETAILBE001-03","dummy_seed","careerlens_generated","","Osaka Retail Tech Backend employee sample 3","Osaka Retail Tech","Backend Software Engineer","Backend","Japan","Osaka","Bachelor","Computer Science","Graduated","6","5","Junior Engineer 4 years|Osaka Retail Tech Backend Engineer 2 years","Docker|AWS|System Design|Distributed Systems|Observability|Terraform","retail inventory backend","JLPT N2","Japanese|English","true","false","Dummy anonymized sample with experience in retail inventory backend, high traffic API, and production collaboration.","Generated dummy employee sample. No real person or external profile.","true"
"EMP-JOBJPOSAKARETAILBE001-04","dummy_seed","careerlens_generated","","Osaka Retail Tech Backend employee sample 4","Osaka Retail Tech","Platform Backend Engineer","Backend","Japan","Osaka","Bachelor","Computer Science","Graduated","7","6","Junior Engineer 5 years|Osaka Retail Tech Backend Engineer 2 years","AWS|System Design|Distributed Systems|Java|Terraform|GraphQL","retail inventory backend","JLPT N1","Japanese|English","true","true","Dummy anonymized sample with experience in retail inventory backend, event processing pipeline, and production collaboration.","Generated dummy employee sample. No real person or external profile.","true"
"EMP-JOBJPOSAKARETAILBE001-05","dummy_seed","careerlens_generated","","Osaka Retail Tech Backend employee sample 5","Osaka Retail Tech","Cloud Backend Engineer","Backend","Japan","Osaka","Bachelor","Computer Science","Graduated","8","7","Junior Engineer 6 years|Osaka Retail Tech Backend Engineer 2 years","System Design|Distributed Systems|Java|Spring Boot|GraphQL|Security","retail inventory backend","JLPT N2","Japanese|English","false","false","Dummy anonymized sample with experience in retail inventory backend, cloud service backend, and production collaboration.","Generated dummy employee sample. No real person or external profile.","true"
"EMP-JOBJPKANTODATABE001-01","dummy_seed","careerlens_generated","","Kanto Data Systems Backend employee sample 1","Kanto Data Systems","Software Development Engineer","Backend","Japan","Yokohama","Bachelor","Computer Science","Graduated","5","4","Junior Engineer 3 years|Kanto Data Systems Backend Engineer 2 years","REST API|Docker|AWS|System Design|CI/CD|Observability","data ingestion backend","JLPT N2","Japanese|English","true","false","Dummy anonymized sample with experience in data ingestion backend, distributed data service, and production collaboration.","Generated dummy employee sample. No real person or external profile.","true"
"EMP-JOBJPKANTODATABE001-02","dummy_seed","careerlens_generated","","Kanto Data Systems Backend employee sample 2","Kanto Data Systems","Backend Software Engineer","Backend","Japan","Yokohama","Bachelor","Computer Science","Graduated","6","5","Junior Engineer 4 years|Kanto Data Systems Backend Engineer 2 years","Docker|AWS|System Design|Distributed Systems|Observability|Terraform","data ingestion backend","JLPT N1","Japanese|English","true","true","Dummy anonymized sample with experience in data ingestion backend, high traffic API, and production collaboration.","Generated dummy employee sample. No real person or external profile.","true"
"EMP-JOBJPKANTODATABE001-03","dummy_seed","careerlens_generated","","Kanto Data Systems Backend employee sample 3","Kanto Data Systems","Platform Backend Engineer","Backend","Japan","Yokohama","Bachelor","Computer Science","Graduated","7","6","Junior Engineer 5 years|Kanto Data Systems Backend Engineer 2 years","AWS|System Design|Distributed Systems|Java|Terraform|GraphQL","data ingestion backend","JLPT N2","Japanese|English","true","false","Dummy anonymized sample with experience in data ingestion backend, event processing pipeline, and production collaboration.","Generated dummy employee sample. No real person or external profile.","true"
"EMP-JOBJPKANTODATABE001-04","dummy_seed","careerlens_generated","","Kanto Data Systems Backend employee sample 4","Kanto Data Systems","Cloud Backend Engineer","Backend","Japan","Yokohama","Bachelor","Computer Science","Graduated","8","7","Junior Engineer 6 years|Kanto Data Systems Backend Engineer 2 years","System Design|Distributed Systems|Java|Spring Boot|GraphQL|Security","data ingestion backend","JLPT N1","Japanese|English","true","true","Dummy anonymized sample with experience in data ingestion backend, cloud service backend, and production collaboration.","Generated dummy employee sample. No real person or external profile.","true"
"EMP-JOBJPKANTODATABE001-05","dummy_seed","careerlens_generated","","Kanto Data Systems Backend employee sample 5","Kanto Data Systems","Software Development Engineer","Backend","Japan","Yokohama","Bachelor","Computer Science","Graduated","9","8","Junior Engineer 7 years|Kanto Data Systems Backend Engineer 2 years","Distributed Systems|Java|Spring Boot|MySQL|Security|Kubernetes","data ingestion backend","JLPT N2","Japanese|English","false","false","Dummy anonymized sample with experience in data ingestion backend, distributed data service, and production collaboration.","Generated dummy employee sample. No real person or external profile.","true"
"EMP-JOBJPRAKUDAFE001-01","dummy_seed","careerlens_generated","","Rakuda Commerce Frontend employee sample 1","Rakuda Commerce","Frontend Software Engineer","Frontend","Japan","Tokyo","Bachelor","Computer Science","Graduated","4","3","Junior Engineer 2 years|Rakuda Commerce Frontend Engineer 2 years","REST API|Design System|Testing|Accessibility|Figma|Playwright","commerce storefront","JLPT N2","Japanese|English","true","true","Dummy anonymized sample with experience in commerce storefront, dashboard UI, and production collaboration.","Generated dummy employee sample. No real person or external profile.","true"
"EMP-JOBJPRAKUDAFE001-02","dummy_seed","careerlens_generated","","Rakuda Commerce Frontend employee sample 2","Rakuda Commerce","Product Frontend Engineer","Frontend","Japan","Tokyo","Bachelor","Computer Science","Graduated","5","4","Junior Engineer 3 years|Rakuda Commerce Frontend Engineer 2 years","Design System|Testing|Accessibility|TypeScript|Playwright|i18n","commerce storefront","JLPT N1","Japanese|English","true","true","Dummy anonymized sample with experience in commerce storefront, customer workflow, and production collaboration.","Generated dummy employee sample. No real person or external profile.","true"
"EMP-JOBJPRAKUDAFE001-03","dummy_seed","careerlens_generated","","Rakuda Commerce Frontend employee sample 3","Rakuda Commerce","Web Application Engineer","Frontend","Japan","Tokyo","Bachelor","Computer Science","Graduated","6","5","Junior Engineer 4 years|Rakuda Commerce Frontend Engineer 2 years","Testing|Accessibility|TypeScript|React|i18n|State Management","commerce storefront","JLPT N2","Japanese|English","true","true","Dummy anonymized sample with experience in commerce storefront, design system, and production collaboration.","Generated dummy employee sample. No real person or external profile.","true"
"EMP-JOBJPRAKUDAFE001-04","dummy_seed","careerlens_generated","","Rakuda Commerce Frontend employee sample 4","Rakuda Commerce","UI Platform Engineer","Frontend","Japan","Tokyo","Bachelor","Computer Science","Graduated","7","6","Junior Engineer 5 years|Rakuda Commerce Frontend Engineer 2 years","Accessibility|TypeScript|React|Next.js|State Management|GraphQL","commerce storefront","JLPT N1","Japanese|English","true","true","Dummy anonymized sample with experience in commerce storefront, internationalized web app, and production collaboration.","Generated dummy employee sample. No real person or external profile.","true"
"EMP-JOBJPRAKUDAFE001-05","dummy_seed","careerlens_generated","","Rakuda Commerce Frontend employee sample 5","Rakuda Commerce","Frontend Software Engineer","Frontend","Japan","Tokyo","Bachelor","Computer Science","Graduated","8","7","Junior Engineer 6 years|Rakuda Commerce Frontend Engineer 2 years","TypeScript|React|Next.js|CSS|GraphQL|Storybook","commerce storefront","JLPT N2","Japanese|English","false","true","Dummy anonymized sample with experience in commerce storefront, dashboard UI, and production collaboration.","Generated dummy employee sample. No real person or external profile.","true"
"EMP-JOBJPSHIBUYAFE001-01","dummy_seed","careerlens_generated","","Shibuya Media Lab Frontend employee sample 1","Shibuya Media Lab","Product Frontend Engineer","Frontend","Japan","Tokyo","Bachelor","Computer Science","Graduated","4","3","Junior Engineer 2 years|Shibuya Media Lab Frontend Engineer 2 years","Design System|Testing|Accessibility|TypeScript|Playwright|i18n","media editing UI","JLPT N2","Japanese|English","true","true","Dummy anonymized sample with experience in media editing UI, customer workflow, and production collaboration.","Generated dummy employee sample. No real person or external profile.","true"
"EMP-JOBJPSHIBUYAFE001-02","dummy_seed","careerlens_generated","","Shibuya Media Lab Frontend employee sample 2","Shibuya Media Lab","Web Application Engineer","Frontend","Japan","Tokyo","Bachelor","Computer Science","Graduated","5","4","Junior Engineer 3 years|Shibuya Media Lab Frontend Engineer 2 years","Testing|Accessibility|TypeScript|React|i18n|State Management","media editing UI","JLPT N1","Japanese|English","true","true","Dummy anonymized sample with experience in media editing UI, design system, and production collaboration.","Generated dummy employee sample. No real person or external profile.","true"
"EMP-JOBJPSHIBUYAFE001-03","dummy_seed","careerlens_generated","","Shibuya Media Lab Frontend employee sample 3","Shibuya Media Lab","UI Platform Engineer","Frontend","Japan","Tokyo","Bachelor","Computer Science","Graduated","6","5","Junior Engineer 4 years|Shibuya Media Lab Frontend Engineer 2 years","Accessibility|TypeScript|React|Next.js|State Management|GraphQL","media editing UI","JLPT N2","Japanese|English","true","true","Dummy anonymized sample with experience in media editing UI, internationalized web app, and production collaboration.","Generated dummy employee sample. No real person or external profile.","true"
"EMP-JOBJPSHIBUYAFE001-04","dummy_seed","careerlens_generated","","Shibuya Media Lab Frontend employee sample 4","Shibuya Media Lab","Frontend Software Engineer","Frontend","Japan","Tokyo","Bachelor","Computer Science","Graduated","7","6","Junior Engineer 5 years|Shibuya Media Lab Frontend Engineer 2 years","TypeScript|React|Next.js|CSS|GraphQL|Storybook","media editing UI","JLPT N1","Japanese|English","true","true","Dummy anonymized sample with experience in media editing UI, dashboard UI, and production collaboration.","Generated dummy employee sample. No real person or external profile.","true"
"EMP-JOBJPSHIBUYAFE001-05","dummy_seed","careerlens_generated","","Shibuya Media Lab Frontend employee sample 5","Shibuya Media Lab","Product Frontend Engineer","Frontend","Japan","Tokyo","Bachelor","Computer Science","Graduated","8","7","Junior Engineer 6 years|Shibuya Media Lab Frontend Engineer 2 years","React|Next.js|CSS|REST API|Storybook|Tailwind","media editing UI","JLPT N2","Japanese|English","false","true","Dummy anonymized sample with experience in media editing UI, customer workflow, and production collaboration.","Generated dummy employee sample. No real person or external profile.","true"
"EMP-JOBJPFUJIFE001-01","dummy_seed","careerlens_generated","","Fuji Travel Tech Frontend employee sample 1","Fuji Travel Tech","Web Application Engineer","Frontend","Japan","Nagoya","Bachelor","Computer Science","Graduated","4","3","Junior Engineer 2 years|Fuji Travel Tech Frontend Engineer 2 years","Testing|Accessibility|TypeScript|React|i18n|State Management","travel itinerary interface","JLPT N2","Japanese|English","true","true","Dummy anonymized sample with experience in travel itinerary interface, design system, and production collaboration.","Generated dummy employee sample. No real person or external profile.","true"
"EMP-JOBJPFUJIFE001-02","dummy_seed","careerlens_generated","","Fuji Travel Tech Frontend employee sample 2","Fuji Travel Tech","UI Platform Engineer","Frontend","Japan","Nagoya","Bachelor","Computer Science","Graduated","5","4","Junior Engineer 3 years|Fuji Travel Tech Frontend Engineer 2 years","Accessibility|TypeScript|React|Next.js|State Management|GraphQL","travel itinerary interface","JLPT N1","Japanese|English","true","true","Dummy anonymized sample with experience in travel itinerary interface, internationalized web app, and production collaboration.","Generated dummy employee sample. No real person or external profile.","true"
"EMP-JOBJPFUJIFE001-03","dummy_seed","careerlens_generated","","Fuji Travel Tech Frontend employee sample 3","Fuji Travel Tech","Frontend Software Engineer","Frontend","Japan","Nagoya","Bachelor","Computer Science","Graduated","6","5","Junior Engineer 4 years|Fuji Travel Tech Frontend Engineer 2 years","TypeScript|React|Next.js|CSS|GraphQL|Storybook","travel itinerary interface","JLPT N2","Japanese|English","true","true","Dummy anonymized sample with experience in travel itinerary interface, dashboard UI, and production collaboration.","Generated dummy employee sample. No real person or external profile.","true"
"EMP-JOBJPFUJIFE001-04","dummy_seed","careerlens_generated","","Fuji Travel Tech Frontend employee sample 4","Fuji Travel Tech","Product Frontend Engineer","Frontend","Japan","Nagoya","Bachelor","Computer Science","Graduated","7","6","Junior Engineer 5 years|Fuji Travel Tech Frontend Engineer 2 years","React|Next.js|CSS|REST API|Storybook|Tailwind","travel itinerary interface","JLPT N1","Japanese|English","true","true","Dummy anonymized sample with experience in travel itinerary interface, customer workflow, and production collaboration.","Generated dummy employee sample. No real person or external profile.","true"
"EMP-JOBJPFUJIFE001-05","dummy_seed","careerlens_generated","","Fuji Travel Tech Frontend employee sample 5","Fuji Travel Tech","Web Application Engineer","Frontend","Japan","Nagoya","Bachelor","Computer Science","Graduated","8","7","Junior Engineer 6 years|Fuji Travel Tech Frontend Engineer 2 years","Next.js|CSS|REST API|Design System|Tailwind|Performance","travel itinerary interface","JLPT N2","Japanese|English","false","true","Dummy anonymized sample with experience in travel itinerary interface, design system, and production collaboration.","Generated dummy employee sample. No real person or external profile.","true"
"EMP-JOBJPKANSAIFE001-01","dummy_seed","careerlens_generated","","Kansai SaaS Works Frontend employee sample 1","Kansai SaaS Works","UI Platform Engineer","Frontend","Japan","Osaka","Bachelor","Computer Science","Graduated","5","4","Junior Engineer 3 years|Kansai SaaS Works Frontend Engineer 2 years","Accessibility|TypeScript|React|Next.js|State Management|GraphQL","B2B admin console","JLPT N2","Japanese|English","true","true","Dummy anonymized sample with experience in B2B admin console, internationalized web app, and production collaboration.","Generated dummy employee sample. No real person or external profile.","true"
"EMP-JOBJPKANSAIFE001-02","dummy_seed","careerlens_generated","","Kansai SaaS Works Frontend employee sample 2","Kansai SaaS Works","Frontend Software Engineer","Frontend","Japan","Osaka","Bachelor","Computer Science","Graduated","6","5","Junior Engineer 4 years|Kansai SaaS Works Frontend Engineer 2 years","TypeScript|React|Next.js|CSS|GraphQL|Storybook","B2B admin console","JLPT N1","Japanese|English","true","true","Dummy anonymized sample with experience in B2B admin console, dashboard UI, and production collaboration.","Generated dummy employee sample. No real person or external profile.","true"
"EMP-JOBJPKANSAIFE001-03","dummy_seed","careerlens_generated","","Kansai SaaS Works Frontend employee sample 3","Kansai SaaS Works","Product Frontend Engineer","Frontend","Japan","Osaka","Bachelor","Computer Science","Graduated","7","6","Junior Engineer 5 years|Kansai SaaS Works Frontend Engineer 2 years","React|Next.js|CSS|REST API|Storybook|Tailwind","B2B admin console","JLPT N2","Japanese|English","true","true","Dummy anonymized sample with experience in B2B admin console, customer workflow, and production collaboration.","Generated dummy employee sample. No real person or external profile.","true"
"EMP-JOBJPKANSAIFE001-04","dummy_seed","careerlens_generated","","Kansai SaaS Works Frontend employee sample 4","Kansai SaaS Works","Web Application Engineer","Frontend","Japan","Osaka","Bachelor","Computer Science","Graduated","8","7","Junior Engineer 6 years|Kansai SaaS Works Frontend Engineer 2 years","Next.js|CSS|REST API|Design System|Tailwind|Performance","B2B admin console","JLPT N1","Japanese|English","true","true","Dummy anonymized sample with experience in B2B admin console, design system, and production collaboration.","Generated dummy employee sample. No real person or external profile.","true"
"EMP-JOBJPKANSAIFE001-05","dummy_seed","careerlens_generated","","Kansai SaaS Works Frontend employee sample 5","Kansai SaaS Works","UI Platform Engineer","Frontend","Japan","Osaka","Bachelor","Computer Science","Graduated","9","8","Junior Engineer 7 years|Kansai SaaS Works Frontend Engineer 2 years","CSS|REST API|Design System|Testing|Performance|Figma","B2B admin console","JLPT N2","Japanese|English","false","true","Dummy anonymized sample with experience in B2B admin console, internationalized web app, and production collaboration.","Generated dummy employee sample. No real person or external profile.","true"
"EMP-JOBJPMIRAIFE001-01","dummy_seed","careerlens_generated","","Mirai EdTech Frontend employee sample 1","Mirai EdTech","Frontend Software Engineer","Frontend","Japan","Fukuoka","Bachelor","Computer Science","Graduated","4","3","Junior Engineer 2 years|Mirai EdTech Frontend Engineer 2 years","TypeScript|React|Next.js|CSS|GraphQL|Storybook","learning dashboard","JLPT N2","Japanese|English","true","true","Dummy anonymized sample with experience in learning dashboard, dashboard UI, and production collaboration.","Generated dummy employee sample. No real person or external profile.","true"
"EMP-JOBJPMIRAIFE001-02","dummy_seed","careerlens_generated","","Mirai EdTech Frontend employee sample 2","Mirai EdTech","Product Frontend Engineer","Frontend","Japan","Fukuoka","Bachelor","Computer Science","Graduated","5","4","Junior Engineer 3 years|Mirai EdTech Frontend Engineer 2 years","React|Next.js|CSS|REST API|Storybook|Tailwind","learning dashboard","JLPT N1","Japanese|English","true","true","Dummy anonymized sample with experience in learning dashboard, customer workflow, and production collaboration.","Generated dummy employee sample. No real person or external profile.","true"
"EMP-JOBJPMIRAIFE001-03","dummy_seed","careerlens_generated","","Mirai EdTech Frontend employee sample 3","Mirai EdTech","Web Application Engineer","Frontend","Japan","Fukuoka","Bachelor","Computer Science","Graduated","6","5","Junior Engineer 4 years|Mirai EdTech Frontend Engineer 2 years","Next.js|CSS|REST API|Design System|Tailwind|Performance","learning dashboard","JLPT N2","Japanese|English","true","true","Dummy anonymized sample with experience in learning dashboard, design system, and production collaboration.","Generated dummy employee sample. No real person or external profile.","true"
"EMP-JOBJPMIRAIFE001-04","dummy_seed","careerlens_generated","","Mirai EdTech Frontend employee sample 4","Mirai EdTech","UI Platform Engineer","Frontend","Japan","Fukuoka","Bachelor","Computer Science","Graduated","7","6","Junior Engineer 5 years|Mirai EdTech Frontend Engineer 2 years","CSS|REST API|Design System|Testing|Performance|Figma","learning dashboard","JLPT N1","Japanese|English","true","true","Dummy anonymized sample with experience in learning dashboard, internationalized web app, and production collaboration.","Generated dummy employee sample. No real person or external profile.","true"
"EMP-JOBJPMIRAIFE001-05","dummy_seed","careerlens_generated","","Mirai EdTech Frontend employee sample 5","Mirai EdTech","Frontend Software Engineer","Frontend","Japan","Fukuoka","Bachelor","Computer Science","Graduated","8","7","Junior Engineer 6 years|Mirai EdTech Frontend Engineer 2 years","REST API|Design System|Testing|Accessibility|Figma|Playwright","learning dashboard","JLPT N2","Japanese|English","false","true","Dummy anonymized sample with experience in learning dashboard, dashboard UI, and production collaboration.","Generated dummy employee sample. No real person or external profile.","true"
"EMP-JOBJPGINZAFE001-01","dummy_seed","careerlens_generated","","Ginza Design Cloud Frontend employee sample 1","Ginza Design Cloud","Product Frontend Engineer","Frontend","Japan","Tokyo","Bachelor","Computer Science","Graduated","4","3","Junior Engineer 2 years|Ginza Design Cloud Frontend Engineer 2 years","React|Next.js|CSS|REST API|Storybook|Tailwind","collaboration design system","JLPT N2","Japanese|English","true","true","Dummy anonymized sample with experience in collaboration design system, customer workflow, and production collaboration.","Generated dummy employee sample. No real person or external profile.","true"
"EMP-JOBJPGINZAFE001-02","dummy_seed","careerlens_generated","","Ginza Design Cloud Frontend employee sample 2","Ginza Design Cloud","Web Application Engineer","Frontend","Japan","Tokyo","Bachelor","Computer Science","Graduated","5","4","Junior Engineer 3 years|Ginza Design Cloud Frontend Engineer 2 years","Next.js|CSS|REST API|Design System|Tailwind|Performance","collaboration design system","JLPT N1","Japanese|English","true","true","Dummy anonymized sample with experience in collaboration design system, design system, and production collaboration.","Generated dummy employee sample. No real person or external profile.","true"
"EMP-JOBJPGINZAFE001-03","dummy_seed","careerlens_generated","","Ginza Design Cloud Frontend employee sample 3","Ginza Design Cloud","UI Platform Engineer","Frontend","Japan","Tokyo","Bachelor","Computer Science","Graduated","6","5","Junior Engineer 4 years|Ginza Design Cloud Frontend Engineer 2 years","CSS|REST API|Design System|Testing|Performance|Figma","collaboration design system","JLPT N2","Japanese|English","true","true","Dummy anonymized sample with experience in collaboration design system, internationalized web app, and production collaboration.","Generated dummy employee sample. No real person or external profile.","true"
"EMP-JOBJPGINZAFE001-04","dummy_seed","careerlens_generated","","Ginza Design Cloud Frontend employee sample 4","Ginza Design Cloud","Frontend Software Engineer","Frontend","Japan","Tokyo","Bachelor","Computer Science","Graduated","7","6","Junior Engineer 5 years|Ginza Design Cloud Frontend Engineer 2 years","REST API|Design System|Testing|Accessibility|Figma|Playwright","collaboration design system","JLPT N1","Japanese|English","true","true","Dummy anonymized sample with experience in collaboration design system, dashboard UI, and production collaboration.","Generated dummy employee sample. No real person or external profile.","true"
"EMP-JOBJPGINZAFE001-05","dummy_seed","careerlens_generated","","Ginza Design Cloud Frontend employee sample 5","Ginza Design Cloud","Product Frontend Engineer","Frontend","Japan","Tokyo","Bachelor","Computer Science","Graduated","8","7","Junior Engineer 6 years|Ginza Design Cloud Frontend Engineer 2 years","Design System|Testing|Accessibility|TypeScript|Playwright|i18n","collaboration design system","JLPT N2","Japanese|English","false","true","Dummy anonymized sample with experience in collaboration design system, customer workflow, and production collaboration.","Generated dummy employee sample. No real person or external profile.","true"
